num_distr	fixation.started	mouse.started	target.started	fixation.stopped	mouse.x	mouse.y	mouse.time	mouse.clicked_name
5	29.5255937	0.0305753	29.9793553	30.0291958	[0.2574074074074074]	[0.018518518518518517]	[3.7724501000047894]	['target']
10	33.3349695	0.0358467	33.7985137	33.8476247	[0.25277777777777777]	[0.016666666666666666]	[3.3920978999958606]	[]
10	36.750518	0.0230894	37.2321441	37.2653718	[-0.32037037037037036]	[-0.2740740740740741]	[2.662015200003225]	['target']
5	39.4269983	0.0123046	39.9190217	39.9349578	[0.462037037037037]	[0.2037037037037037]	[3.103125000001455]	['target']
10	42.5611039	0.0243414	43.0387018	43.0720202	[0.19074074074074074]	[-0.18425925925925926]	[2.755500799998117]	['target']
10	45.341869	0.0224981	45.8228579	45.856233	[-0.19907407407407407]	[-0.08518518518518518]	[2.792224700002407]	['target']
10	48.1596346	0.022397	48.636619	48.6739748	[0.14629629629629629]	[0.06944444444444445]	[2.3581850999980816]	['target']
10	50.5465812	0.023988	51.0250072	51.0581553	[0.13240740740740742]	[-0.11203703703703703]	[1.8558059999995749]	['target']
5	52.4175643	0.0138236	52.9088932	52.9255688	[0.007407407407407408]	[0.037037037037037035]	[2.130578999996942]	['target']
5	54.5873546	0.0303791	55.0596713	55.0894516	[-0.05555555555555555]	[0.06944444444444445]	[1.915247000004456]	['target']
5	56.5170892	0.012482	57.0063743	57.0230251	[-0.16018518518518518]	[0.3037037037037037]	[2.5186635999998543]	['target']
10	59.0670812	0.024369	59.5406523	59.5781201	[-0.07777777777777778]	[0.36574074074074076]	[3.9596939999973984]	['target']
5	63.0469322	0.0171783	63.5296384	63.5462671	[0.11666666666666667]	[0.4287037037037037]	[2.7246498000022257]	[]
10	65.799571	0.0223216	66.2766689	66.3140084	[-0.03796296296296296]	[-0.16018518518518518]	[3.075261899997713]	['target']
5	68.8883669	0.0129462	69.3782694	69.3985216	[-0.34629629629629627]	[0.1361111111111111]	[2.498434500004805]	['target']
10	71.4354568	0.0362457	71.8952802	71.9519363	[0.3416666666666667]	[-0.24351851851851852]	[2.5792896000057226]	['target']
10	74.0493025	0.0309031	74.5129443	74.5671198	[0.010185185185185186]	[0.32592592592592595]	[2.2318510999975842]	['target']
5	76.3049993	0.0218037	76.7806635	76.8180095	[0.4222222222222222]	[0.4675925925925926]	[3.757537900004536]	[]
5	80.0851159	0.0173008	80.5671498	80.5994682	[-0.1962962962962963]	[-0.12314814814814815]	[2.877926400004071]	[]
10	83.0032446	0.0314937	83.4704799	83.5170234	[0.13796296296296295]	[-0.10462962962962963]	[2.3818240000036894]	[]
10	85.4090058	0.0239578	85.8864068	85.9188956	[0.3824074074074074]	[0.2916666666666667]	[1.903039999997418]	['target']
10	87.3393581	0.0232328	87.8181748	87.8551824	[0.032407407407407406]	[-0.13333333333333333]	[2.0736885000005714]	[]
10	89.4396746	0.0230546	89.9196676	89.9552597	[-0.1425925925925926]	[0.22037037037037038]	[2.3282480999987456]	[]
5	91.8037887	0.0253331	92.2710876	92.3040972	[0.09907407407407408]	[0.3416666666666667]	[2.3959789000000455]	['target']
5	94.2302292	0.0257971	94.7042403	94.7376352	[0.3990740740740741]	[-0.37962962962962965]	[2.5172959999981686]	[]
10	96.7941105	0.037821	97.255137	97.3062844	[0.45740740740740743]	[0.009259259259259259]	[2.237491299994872]	[]
5	99.0576858	0.020312	99.5393411	99.5725986	[0.27037037037037037]	[-0.14814814814814814]	[4.274466499999107]	[]
10	103.3834252	0.0403363	103.8409896	103.9079342	[0.21944444444444444]	[-0.4166666666666667]	[2.66895459999796]	[]
5	106.0864184	0.026179	106.5588478	106.5921131	[0.3768518518518518]	[0.025]	[1.3330789000028744]	[]
5	107.4496742	0.0257606	107.925788	107.9591384	[0.3768518518518518]	[0.025]	[0.616590499994345]	[]
5	108.0991831	0.0223051	108.5762087	108.6094985	[0.3768518518518518]	[0.025]	[1.0212609000009252]	[]
5	109.1428101	0.0190012	109.6264681	109.6576954	[0.3768518518518518]	[0.025]	[0.4896965000007185]	[]
5	109.6576954	0.0174799			[0.3768518518518518]	[0.025]	[0.37523930000315886]	[]
5	110.0621789	0.0210032			[0.3768518518518518]	[0.025]	[0.42107450000185054]	[]
10	110.5221855	0.0297619			[0.3768518518518518]	[0.025]	[0.39640670000517275]	[]
10	110.9479983	0.0240815			[0.3768518518518518]	[0.025]	[0.3704141000052914]	[]
10	111.3593844	0.0330517			[0.3768518518518518]	[0.025]	[0.35914749999938067]	[]
5	111.7401396	0.0170541			[0.3768518518518518]	[0.025]	[0.4283244999969611]	[]
10	112.2126876	0.0353198			[0.3768518518518518]	[0.025]	[0.4067242000019178]	[]
10	112.6651537	0.0377923			[0.3768518518518518]	[0.025]	[0.36689640000258805]	[]
10	113.0823933	0.0421057			[0.3768518518518518]	[0.025]	[0.37053609999566106]	[]
5	113.4882472	0.0281123			[0.3768518518518518]	[0.025]	[0.44795370000065304]	[]
5	113.9641615	0.0219896	114.4449412	114.4783472	[-0.10740740740740741]	[0.12222222222222222]	[1.5708439000009093]	[]
5	115.5587857	0.0167998	116.0457733	116.062456	[-0.10740740740740741]	[0.12222222222222222]	[0.6590087000004132]	[]
10	116.2703736	0.0403656	116.745416	116.783923	[-0.10740740740740741]	[0.12222222222222222]	[0.7193631999980425]	[]
10	117.0193549	0.0267035	117.4966576	117.5299159	[-0.10740740740740741]	[0.12222222222222222]	[0.6513619999968796]	[]
10	117.7005375	0.0243719	118.1629218	118.213034	[-0.10740740740740741]	[0.12222222222222222]	[0.6211058999979286]	[]
5	118.3553024	0.0265116	118.8302085	118.8630085	[-0.10740740740740741]	[0.12222222222222222]	[0.581931299995631]	[]
5	118.9657731	0.0216892	119.4467494	119.480203	[-0.10740740740740741]	[0.12222222222222222]	[0.5374489999958314]	[]
5	119.5300445	0.0198147	120.013882	120.0305872	[-0.10740740740740741]	[0.12222222222222222]	[0.7571345999967889]	[]
10	120.3299542	0.0330381	120.7979179	120.8309581	[-0.10740740740740741]	[0.12222222222222222]	[0.6088813000023947]	[]
10	120.986557	0.0394721	121.4433364	121.483313	[-0.10740740740740741]	[0.12222222222222222]	[0.5358276999977534]	[]
10	121.5610964	0.0308776	122.031045	122.0645929	[-0.10740740740740741]	[0.12222222222222222]	[0.5300945999988471]	[]
10	122.1428692	0.0408247			[-0.10740740740740741]	[0.12222222222222222]	[0.419338699997752]	[]
10	122.6064297	0.0397243			[-0.10740740740740741]	[0.12222222222222222]	[0.30149399999936577]	[]
10	122.931191	0.0220358			[-0.10740740740740741]	[0.12222222222222222]	[0.35760779999691295]	[]
10	123.3143424	0.0220954	123.7998946	123.8157438	[-0.10740740740740741]	[0.12222222222222222]	[0.5252681000056327]	[]
10	123.881261	0.0337825			[-0.10740740740740741]	[0.12222222222222222]	[0.24265200000081677]	[]
5	124.1555682	0.0250234			[-0.10740740740740741]	[0.12222222222222222]	[0.433416899999429]	[]
10	124.6446544	0.0407884			[-0.10740740740740741]	[0.12222222222222222]	[0.4185947000005399]	[]
10	125.1094219	0.0395411			[-0.10740740740740741]	[0.12222222222222222]	[0.4353780999954324]	[]
10	125.5678342	0.0230906			[-0.10740740740740741]	[0.12222222222222222]	[0.422451500002353]	[]
5	126.0230802	0.0260707			[-0.10740740740740741]	[0.12222222222222222]	[0.4502634999953443]	[]
10	126.5200199	0.0374423			[-0.10740740740740741]	[0.12222222222222222]	[0.32427349999488797]	[]
5	126.8568308	0.0123183			[-0.10740740740740741]	[0.12222222222222222]	[0.14928569999756292]	[]
5	127.0368486	0.0219251	127.5166214	127.5496708	[0.2037037037037037]	[0.13703703703703704]	[1.519906000001356]	[]
5	128.5888024	0.0236932	129.0672242		[0.2037037037037037]	[0.13703703703703704]	[0.48503960000380175]	[]
5	129.1592022	0.0767544	129.5840942	129.6672424	[0.012962962962962963]	[-0.10185185185185185]	[1.482369799996377]	[]
5	130.6730848	0.0239747	131.1795019		[0.012962962962962963]	[-0.10185185185185185]	[0.46830460000637686]	[]
5	131.1795019	0.0259148			[0.012962962962962963]	[-0.10185185185185185]	[0.21668620000127703]	[]
5	131.4297168	0.0267326	131.9016552		[0.012962962962962963]	[-0.10185185185185185]	[0.4788722000012058]	[]
5	131.9469132	0.0258613	132.4184585	132.4515863	[0.012962962962962963]	[-0.10277777777777777]	[0.6498864999957732]	[]
10	132.6479954	0.0409784	133.0982278	133.1520412	[0.002777777777777778]	[-0.11388888888888889]	[1.2311363999979221]	[]
5	133.8991148	0.0181646	134.3858631	134.4407294	[0.0]	[-0.11481481481481481]	[0.49323960000037914]	[]
10	134.4407294	0.0370885	134.9027271	134.9527324	[-0.000925925925925926]	[-0.11574074074074074]	[1.2549247999995714]	[]
5	135.7218323	0.0212116			[-0.000925925925925926]	[-0.11574074074074074]	[0.1375525999974343]	[]
10	135.9040896	0.0333736	136.3704326	136.4033409	[-0.005555555555555556]	[-0.11666666666666667]	[1.4795827999987523]	[]
5	137.4131726	0.023647			[-0.005555555555555556]	[-0.11666666666666667]	[0.13331230000039795]	[]
5	137.5732394	0.0208589	138.0539819	138.0874206	[0.07592592592592592]	[0.14722222222222223]	[0.8221132000035141]	[]
5	138.4234302	0.021145			[0.07592592592592592]	[0.14722222222222223]	[0.453843199997209]	[]
10	138.9165983	0.0283277			[0.07592592592592592]	[0.14722222222222223]	[0.4474024000010104]	[]
5	139.3784872	0.012996			[0.07592592592592592]	[0.14722222222222223]	[0.43280289999529487]	[]
10	139.8589124	0.0369272			[0.07592592592592592]	[0.14722222222222223]	[0.422821499996644]	[]
5	140.3149638	0.024103			[0.07592592592592592]	[0.14722222222222223]	[0.45147430000361055]	[]
5	140.8032783	0.0270285			[0.07592592592592592]	[0.14722222222222223]	[0.35980530000233557]	[]
10	141.2069478	0.0343416	141.68319	141.720968	[0.07592592592592592]	[0.14722222222222223]	[0.7047642999968957]	[]
5	141.9307996	0.0143355	142.4224504	142.4396223	[0.07592592592592592]	[0.14722222222222223]	[0.567238499999803]	[]
10	142.5411892	0.0315648	143.0108287	143.0450428	[-0.2777777777777778]	[-0.21851851851851853]	[2.719718499996816]	[]
10	145.3055864	0.0350288	145.7606325	145.8106367	[-0.2777777777777778]	[-0.21851851851851853]	[0.6483676999996533]	[]
5	145.9884497	0.0270793	146.4578538	146.4911894	[-0.2777777777777778]	[-0.21851851851851853]	[0.5327422999980627]	[]
10	146.5591589	0.0315158			[-0.2777777777777778]	[-0.21851851851851853]	[0.3604553999975906]	[]
10	146.955414	0.0298106			[-0.2777777777777778]	[-0.21851851851851853]	[0.41516389999742387]	[]
5	147.3939606	0.019761	147.8773381	147.891708	[-0.2777777777777778]	[-0.21851851851851853]	[0.5744038000048022]	[]
10	148.0137834	0.0366134	148.4763729	148.5252963	[0.19907407407407407]	[0.017592592592592594]	[0.872778400000243]	[]
5	148.921265	0.0250186	149.3922728	149.4257431	[0.19907407407407407]	[0.017592592592592594]	[1.0180538999993587]	[]
10	149.9814007	0.036979	150.4493397	150.4874219	[0.19907407407407407]	[0.017592592592592594]	[0.7764567999984138]	[]
5	150.7960464	0.0274175	151.2596674	151.2926268	[0.19907407407407407]	[0.017592592592592594]	[0.6601253999979235]	[]
10	151.4987472	0.0369472	151.9598496	152.0124854	[0.19907407407407407]	[0.017592592592592594]	[0.6241845000040485]	[]
10	152.1703291	0.0397765	152.6274555	152.6777549	[0.19907407407407407]	[0.017592592592592594]	[0.5372801999983494]	[]
10	152.744731	0.0285252	153.2186594		[0.19907407407407407]	[0.017592592592592594]	[0.4863891999993939]	[]
5	153.2557388	0.0188875			[0.19907407407407407]	[0.017592592592592594]	[0.44753789999958826]	[]
10	153.7487349	0.036343	154.2132395	154.2607355	[0.19907407407407407]	[0.017592592592592594]	[0.5225135000000591]	[]
5	154.2916152	0.0172605	154.8201122		[0.19907407407407407]	[0.017592592592592594]	[0.47819780000281753]	[]
10	154.8201122	0.0400395			[0.19907407407407407]	[0.017592592592592594]	[0.43508660000225063]	[]
10	155.2970988	0.0345578	155.768645	155.7975511	[0.19907407407407407]	[0.017592592592592594]	[0.5273754000008921]	[]
10	155.8520535	0.0260432	156.3328162	156.3633748	[0.19907407407407407]	[0.017592592592592594]	[0.5219116000007489]	[]
10	156.4140536	0.0311163			[0.19907407407407407]	[0.017592592592592594]	[0.2784503000002587]	[]
10	156.7159748	0.0235597	157.1823868	157.2285329	[0.19907407407407407]	[0.017592592592592594]	[0.6067720999999437]	[]
10	157.35209	0.024036	157.8333223		[0.19907407407407407]	[0.017592592592592594]	[0.4920507999995607]	[]
5	157.8739426	0.0235823			[0.19907407407407407]	[0.017592592592592594]	[0.4146598000006634]	[]
10	158.3383947	0.040006	158.7887071		[0.19907407407407407]	[0.017592592592592594]	[0.4608762999996543]	[]
10	158.8482885	0.0390096			[0.19907407407407407]	[0.017592592592592594]	[0.43144610000308603]	[]
5	159.3096922	0.0266282			[0.19907407407407407]	[0.017592592592592594]	[0.3801699999967241]	[]
5	159.7274889	0.0264193	160.1963717		[0.19907407407407407]	[0.017592592592592594]	[0.48253319999639643]	[]
5	160.2387233	0.0247782			[0.19907407407407407]	[0.017592592592592594]	[0.350129400001606]	[]
5	160.6190685	0.0223967			[0.19907407407407407]	[0.017592592592592594]	[0.3699027999973623]	[]
10	161.0343706	0.0354684			[0.19907407407407407]	[0.017592592592592594]	[0.37402599999768427]	[]
10	161.4574242	0.0407068			[0.19907407407407407]	[0.017592592592592594]	[0.302827100000286]	[]
5	161.7838285	0.0190547			[0.19907407407407407]	[0.017592592592592594]	[0.3238765999994939]	[]
5	162.1444331	0.0259728	162.6139395	162.6468996	[0.19907407407407407]	[0.017592592592592594]	[0.5499502999955439]	[]
5	162.7244456	0.0259372			[0.19907407407407407]	[0.017592592592592594]	[0.3159970000051544]	[]
10	163.0912577	0.0395911			[0.19907407407407407]	[0.017592592592592594]	[0.28897809999762103]	[]
5	163.4157332	0.0245638			[0.19907407407407407]	[0.017592592592592594]	[0.27907580000464804]	[]
10	163.7244102	0.0263207	164.2008977	164.2342608	[0.19907407407407407]	[0.017592592592592594]	[0.5867297000004328]	[]
10	164.356459	0.0373304			[0.19907407407407407]	[0.017592592592592594]	[0.3576879999964149]	[]
5	164.7509047	0.0266812	165.2149338	165.2649243	[0.19907407407407407]	[0.017592592592592594]	[0.5606021999992663]	[]
5	165.3354937	0.0199948			[0.19907407407407407]	[0.017592592592592594]	[0.3549448999983724]	[]
5	165.7299089	0.0268651			[0.19907407407407407]	[0.017592592592592594]	[0.382025099999737]	[]
10	166.1511114	0.0320867			[0.19907407407407407]	[0.017592592592592594]	[0.26391319999675034]	[]
5	166.4373909	0.0183624			[0.19907407407407407]	[0.017592592592592594]	[0.3197541000045021]	[]
10	166.8024504	0.0351259			[0.19907407407407407]	[0.017592592592592594]	[0.3281187999964459]	[]
10	167.1699512	0.031493			[0.19907407407407407]	[0.017592592592592594]	[0.4084062000038102]	[]
5	167.5940722	0.0133653	168.083102	168.0996003	[0.19907407407407407]	[0.017592592592592594]	[0.6803650999936508]	[]
10	168.321928	0.0366248			[0.19907407407407407]	[0.017592592592592594]	[0.33810790000279667]	[]
10	168.6964635	0.0308529			[0.19907407407407407]	[0.017592592592592594]	[0.3537319999959436]	[]
10	169.0899799	0.0298545			[0.19907407407407407]	[0.017592592592592594]	[0.3590346999990288]	[]
5	169.4770483	0.0233498			[0.19907407407407407]	[0.017592592592592594]	[0.2683080999995582]	[]
10	169.7774009	0.0258957			[0.19907407407407407]	[0.017592592592592594]	[0.3670842999999877]	[]
5	170.1574151	0.0121484			[0.19907407407407407]	[0.017592592592592594]	[0.384052099994733]	[]
10	170.588387	0.0362749			[0.19907407407407407]	[0.017592592592592594]	[0.3418329999985872]	[]
5	170.9581996	0.0218551	171.4335943	171.4672515	[0.19907407407407407]	[0.017592592592592594]	[0.5678438000031747]	[]
10	171.5708201	0.0349546			[0.19907407407407407]	[0.017592592592592594]	[0.30711569999402855]	[]
5	171.8969649	0.0149476	172.3849776	172.4009922	[0.19907407407407407]	[0.017592592592592594]	[0.6471772000004421]	[]
10	172.5899124	0.0350599	173.0512815	173.1072163	[0.19907407407407407]	[0.017592592592592594]	[0.6182432999994489]	[]
10	173.251404	0.0354726			[0.19907407407407407]	[0.017592592592592594]	[0.38705710000067484]	[]
10	173.6705185	0.0273519	174.1349512	174.1683061	[0.19907407407407407]	[0.017592592592592594]	[0.6883832000021357]	[]
5	174.395518	0.0261471	174.8684195		[0.19907407407407407]	[0.017592592592592594]	[0.4860963000028278]	[]
10	174.9274241	0.0401723			[0.19907407407407407]	[0.017592592592592594]	[0.42221799999970244]	[]
10	175.3808726	0.02547	175.8553973	175.8934856	[0.19907407407407407]	[0.017592592592592594]	[0.5413539000001037]	[]
10	175.9587929	0.0286351	176.4359935	176.4719399	[0.19907407407407407]	[0.017592592592592594]	[0.5398882000008598]	[]
5	176.5322358	0.0265666	177.0027165		[0.19907407407407407]	[0.017592592592592594]	[0.4808359000016935]	[]
5	177.0434147	0.0226628	177.5195817	177.5529022	[0.19907407407407407]	[0.017592592592592594]	[0.5359173999968334]	[]
5	177.6183054	0.0271351			[0.19907407407407407]	[0.017592592592592594]	[0.31557559999782825]	[]
10	177.9699365	0.030017			[0.19907407407407407]	[0.017592592592592594]	[0.24485730000014883]	[]
10	178.2552465	0.0317847	178.7200282	178.7700011	[0.19907407407407407]	[0.017592592592592594]	[1.4440293000006932]	[]
10	179.7395947	0.0309751	180.2086726	180.2472295	[-0.03333333333333333]	[-0.19444444444444445]	[0.8970097999990685]	[]
5	180.6567726	0.0171892	181.1376536	181.1709727	[-0.03333333333333333]	[-0.19444444444444445]	[0.6223297000033199]	[]
5	181.3137246	0.0256056	181.7878998	181.8212602	[0.17314814814814813]	[-0.2638888888888889]	[2.601062300003832]	[]
10	183.9660097	0.0389796	184.4240679	184.4747586	[0.17314814814814813]	[-0.26481481481481484]	[0.9703362000000197]	[]
10	184.9837588	0.0400652	185.4403786	185.4927352	[0.17314814814814813]	[-0.26481481481481484]	[0.5683236999975634]	[]
10	185.60262	0.0404616	186.0604427	186.1081234	[0.17314814814814813]	[-0.26481481481481484]	[0.652494599999045]	[]
5	186.2801926	0.0221056	186.756499	186.7894194	[0.17314814814814813]	[-0.26481481481481484]	[3.072650900001463]	[]
10	189.3962279	0.0363214	189.8643147	189.9024397	[0.17314814814814813]	[-0.26481481481481484]	[1.1748422000018763]	[]
10	190.6224531	0.0429927	191.0773248	191.1274223	[0.17314814814814813]	[-0.26481481481481484]	[0.6135938000006718]	[]
5	191.2719371	0.026308	191.7417171	191.7746869	[0.17314814814814813]	[-0.26481481481481484]	[0.7497652000020025]	[]
10	192.0584915	0.0299966	192.5283558	192.5585099	[0.17314814814814813]	[-0.26481481481481484]	[1.1365560999984154]	[]
5	193.226189	0.024607			[0.17314814814814813]	[-0.26481481481481484]	[0.3264832999993814]	[]
10	193.5949022	0.0337475			[0.17314814814814813]	[-0.26481481481481484]	[0.27501979999942705]	[]
5	193.886462	0.0123792			[0.17314814814814813]	[-0.26481481481481484]	[0.33351499999844236]	[]
10	194.2705348	0.0401823			[0.17314814814814813]	[-0.26481481481481484]	[0.2542211999971187]	[]
10	194.5687694	0.038503			[0.17314814814814813]	[-0.26481481481481484]	[0.33457759999873815]	[]
5	194.9155986	0.0116601	195.4097705	195.4264464	[0.17314814814814813]	[-0.26481481481481484]	[0.6686933000019053]	[]
5	195.6183975	0.0248276	196.0933911	196.1267157	[0.17314814814814813]	[-0.26481481481481484]	[0.6508622999972431]	[]
10	196.3149579	0.036238			[0.17314814814814813]	[-0.26481481481481484]	[0.26133780000236584]	[]
10	196.6154541	0.0298463			[0.17314814814814813]	[-0.26481481481481484]	[0.3577205999972648]	[]
5	196.9961984	0.0199905	197.4772156	197.5545747	[0.17314814814814813]	[-0.26481481481481484]	[0.5065448000023025]	[]
10	197.5545747	0.039615			[0.17314814814814813]	[-0.26481481481481484]	[0.2736068999947747]	[]
5	197.8527093	0.0212897			[0.17314814814814813]	[-0.26481481481481484]	[0.4502474999972037]	[]
10	198.3521739	0.0363427	198.8117557	198.8610801	[0.17314814814814813]	[-0.26481481481481484]	[0.5408284000004642]	[]
10	198.9393097	0.0400784	199.3953309		[0.17314814814814813]	[-0.26481481481481484]	[0.48699759999726666]	[]
5	199.4433257	0.0181905	199.9281741	199.9448262	[0.17314814814814813]	[-0.26481481481481484]	[0.5266112000026624]	[]
5	200.0029132	0.0243952	200.4781435	200.5117521	[0.17314814814814813]	[-0.26481481481481484]	[0.7507489999989048]	[]
5	200.7837792	0.0222326	201.2616439	201.2953377	[0.17314814814814813]	[-0.26481481481481484]	[0.5371784000017215]	[]
5	201.3578681	0.0248381	201.8288732	201.8622114	[0.17314814814814813]	[-0.26481481481481484]	[0.5342585999969742]	[]
5	201.9205621	0.0228181	202.3957515	202.4287207	[0.17314814814814813]	[-0.26481481481481484]	[0.5694198999990476]	[]
10	202.5377718	0.0363437	202.9967089	203.0490341	[0.17314814814814813]	[-0.26481481481481484]	[0.5933462000029976]	[]
5	203.1613643	0.0266678	203.6295531	203.6629037	[0.17314814814814813]	[-0.26481481481481484]	[0.5612743999954546]	[]
5	203.756563	0.0239859	204.2297908	204.2628328	[0.17314814814814813]	[-0.26481481481481484]	[0.5851101000007475]	[]
10	204.3805871	0.0308267	204.840414	204.9230936	[0.17314814814814813]	[-0.26481481481481484]	[0.5026084999990417]	[]
10	204.9230936	0.0324103	205.3807757	205.4302394	[0.17314814814814813]	[-0.26481481481481484]	[0.9596269999965443]	[]
5	205.8996017	0.0156544	206.3806089	206.4139601	[0.17314814814814813]	[-0.26481481481481484]	[0.6056729999982053]	[]
10	206.5579496	0.0396344	207.019242	207.0667278	[0.17314814814814813]	[-0.26481481481481484]	[1.4738212000011117]	[]
5	208.0503492	0.0162744	208.5314112	208.5647678	[0.17314814814814813]	[-0.26481481481481484]	[0.5897987999996985]	[]
5	208.6790195	0.0264701	209.1483148	209.1816607	[0.17314814814814813]	[-0.26481481481481484]	[0.5981968000050983]	[]
5	209.3026211	0.0212806	209.7849202	209.815236	[0.17314814814814813]	[-0.26481481481481484]	[0.60475640000368]	[]
10	209.9436516	0.027216			[0.17314814814814813]	[-0.26481481481481484]	[0.2699664000028861]	[]
5	210.24354	0.0233866			[0.17314814814814813]	[-0.26481481481481484]	[0.331415200002084]	[]
10	210.6194217	0.0350425	211.082369	211.1339197	[0.1712962962962963]	[-0.2657407407407407]	[0.856948900000134]	[]
10	211.5138378	0.0307221	211.9758621	212.0310269	[0.1712962962962963]	[-0.26666666666666666]	[1.6026362999982666]	[]
10	213.1611593	0.0389581			[0.1712962962962963]	[-0.26666666666666666]	[0.40250229999946896]	[]
10	213.6143059	0.0425168	214.066844	214.1229763	[0.1712962962962963]	[-0.26666666666666666]	[0.5658248999970965]	[]
10	214.2187745	0.0302345	214.6749437	214.7227367	[0.16944444444444445]	[-0.26666666666666666]	[1.6788444000048912]	[]
10	215.9303083	0.0285948	216.4047888	216.4428815	[0.16944444444444445]	[-0.26666666666666666]	[0.5787191999988863]	[]
10	216.558663	0.0413544	217.0209932		[0.16944444444444445]	[-0.26666666666666666]	[0.4734236000003875]	[]
5	217.0570434	0.0224994	217.5348106	217.5678335	[0.16944444444444445]	[-0.26666666666666666]	[0.5527733999988413]	[]
5	217.6519239	0.02799	218.1213957	218.1515385	[0.16944444444444445]	[-0.26666666666666666]	[0.5648908000002848]	[]
5	218.2442262	0.0245293	218.7186027	218.7519522	[0.16944444444444445]	[-0.26666666666666666]	[0.6006417000025976]	[]
5	218.8823097	0.0255135	219.352185	219.385544	[0.16944444444444445]	[-0.26666666666666666]	[0.5494801000022562]	[]
5	219.4547681	0.0195067			[0.16944444444444445]	[-0.26666666666666666]	[0.2719684999974561]	[]
10	219.7724507	0.0352704	220.2459953	220.2807294	[0.16944444444444445]	[-0.26666666666666666]	[0.5187095000001136]	[]
10	220.3415267	0.0393743			[0.16944444444444445]	[-0.26666666666666666]	[0.42736420000437647]	[]
5	220.793432	0.0201279	221.2991799		[0.16944444444444445]	[-0.26666666666666666]	[0.46910420000494923]	[]
5	221.2991799	0.0253791	221.769523		[0.16944444444444445]	[-0.26666666666666666]	[0.4833065999991959]	[]
5	221.8150974	0.0265442	222.2866186	222.3421441	[0.16944444444444445]	[-0.26666666666666666]	[0.4994464000046719]	[]
5	222.3421441	0.021776	222.8517208		[0.16944444444444445]	[-0.26666666666666666]	[0.4709389999989071]	[]
5	222.8517208	0.0259197	223.3203521	223.3856722	[0.16944444444444445]	[-0.26666666666666666]	[0.4980546000006143]	[]
10	223.3856722	0.0285268			[0.16944444444444445]	[-0.26666666666666666]	[0.45018849999905797]	[]
10	223.8627539	0.0232887			[0.16944444444444445]	[-0.26666666666666666]	[0.4143756999983452]	[]
10	224.3152577	0.0326951	224.7911772		[0.16944444444444445]	[-0.26666666666666666]	[0.48631079999904614]	[]
10	224.8401332	0.0285362	225.3089442	225.3462319	[0.16944444444444445]	[-0.26666666666666666]	[0.5182636000026832]	[]
5	225.3854818	0.0221962	225.8546528	225.8879877	[0.16944444444444445]	[-0.26666666666666666]	[0.5947989999986021]	[]
10	226.0361534	0.0414521	226.5143679		[0.16944444444444445]	[-0.26666666666666666]	[0.4426937000025646]	[]
10	226.5143679	0.0340989	226.9795045		[0.16944444444444445]	[-0.26666666666666666]	[0.47622969999792986]	[]
10	227.0442276	0.0404923	227.502637		[0.16944444444444445]	[-0.26666666666666666]	[0.4452212999967742]	[]
5	227.502637	0.0156797	227.9887932	228.0054521	[0.16944444444444445]	[-0.26666666666666666]	[0.5127692000023671]	[]
5	228.0422124	0.0200229	228.5221458	228.5823913	[0.16944444444444445]	[-0.26666666666666666]	[0.5059575000050245]	[]
5	228.5823913	0.0250601			[0.16944444444444445]	[-0.26666666666666666]	[0.4502102999977069]	[]
5	229.0603269	0.0209048	229.5626929		[0.16944444444444445]	[-0.26666666666666666]	[0.4713768000001437]	[]
5	229.5626929	0.0230155	230.0395767	230.072564	[0.16944444444444445]	[-0.26666666666666666]	[0.5189938999974402]	[]
5	230.1205335	0.0266816	230.6106381		[0.16944444444444445]	[-0.26666666666666666]	[0.4655304000043543]	[]
5	230.6106381	0.0209766	231.0899749	231.1591244	[0.16944444444444445]	[-0.26666666666666666]	[0.5046062999972492]	[]
10	231.1591244	0.033511	231.6350675		[0.16944444444444445]	[-0.26666666666666666]	[0.46380089999729535]	[]
5	231.6350675	0.0116842	232.1230116	232.1403547	[0.16944444444444445]	[-0.26666666666666666]	[0.5130068999933428]	[]
10	232.1997287	0.0406492	232.6573056		[0.16944444444444445]	[-0.26666666666666666]	[0.46844769999734126]	[]
5	232.7007566	0.0260621	233.1743295	233.2450543	[0.16944444444444445]	[-0.26666666666666666]	[0.49998210000194376]	[]
10	233.2450543	0.0343938	233.7535933		[0.16944444444444445]	[-0.26666666666666666]	[0.46140549999836367]	[]
10	233.7535933	0.0394417	234.21256	234.2656332	[0.16944444444444445]	[-0.26666666666666666]	[0.522790699993493]	[]
5	234.3067488	0.0239528			[0.16944444444444445]	[-0.26666666666666666]	[0.4270892999993521]	[]
10	234.7851935	0.0388806	235.2440184	235.2966116	[0.16944444444444445]	[-0.26666666666666666]	[0.7586368999982369]	[]
10	235.5827228	0.0338498	236.0474655		[0.16944444444444445]	[-0.26666666666666666]	[0.49298130000534]	[]
10	236.1099908	0.0285587	236.5778841	236.6117289	[0.16944444444444445]	[-0.26666666666666666]	[0.5637444999956642]	[]
5	236.6971819	0.0192873	237.1753933	237.2086111	[0.16944444444444445]	[-0.26666666666666666]	[0.5374894999986282]	[]
5	237.2692735	0.0256984	237.7455104	237.775832	[0.16944444444444445]	[-0.26666666666666666]	[1.065658400002576]	[]
5	238.3597599	0.0170349	238.8428973	238.8593523	[0.16944444444444445]	[-0.26666666666666666]	[0.5600562999970862]	[]
10	238.9660604	0.0371871			[0.16944444444444445]	[-0.26666666666666666]	[0.27448260000528535]	[]
5	239.2698556	0.0225804	239.7428577	239.7768492	[0.16944444444444445]	[-0.26666666666666666]	[0.7499672999983886]	[]
10	240.0549654	0.027681	240.5290354	240.5675008	[0.175]	[-0.26666666666666666]	[2.7055992999958107]	[]
10	242.7988186	0.0323038	243.2652642	243.2997263	[0.175]	[-0.26666666666666666]	[0.5396512000006624]	[]
5	243.3570243	0.0152958	243.8448077	243.8610019	[0.175]	[-0.26666666666666666]	[0.5133295000050566]	[]
10	243.9270104	0.0412362			[0.175]	[-0.26666666666666666]	[0.30952830000023823]	[]
5	244.2580887	0.0213154			[0.175]	[-0.26666666666666666]	[0.3123173999993014]	[]
5	244.5989965	0.0208032			[0.175]	[-0.26666666666666666]	[0.30565119999664603]	[]
5	244.9406736	0.026854			[0.175]	[-0.26666666666666666]	[0.35079099999711616]	[]
5	245.3079668	0.0133028			[0.175]	[-0.26666666666666666]	[0.29607590000523487]	[]
10	245.6571982	0.0407923			[0.175]	[-0.26666666666666666]	[0.40160549999563955]	[]
5	246.0911472	0.0245634			[0.175]	[-0.26666666666666666]	[0.2346992999955546]	[]
10	246.3709921	0.0395158			[0.175]	[-0.26666666666666666]	[0.32189240000298014]	[]
10	246.7216762	0.0251128	247.2020066	247.2302969	[0.175]	[-0.26666666666666666]	[0.5541922999982489]	[]
10	247.3019845	0.0221214			[0.175]	[-0.26666666666666666]	[0.36772170000040205]	[]
10	247.7068297	0.0291561			[0.175]	[-0.26666666666666666]	[0.2739581999994698]	[]
5	248.0132095	0.0227082	248.4827848	248.5132273	[0.175]	[-0.26666666666666666]	[0.5632146000061766]	[]
10	248.6181695	0.0367875			[0.175]	[-0.26666666666666666]	[0.2897681000031298]	[]
10	248.9543932	0.0386284	249.4169247	249.4679727	[0.175]	[-0.26666666666666666]	[0.5704543999963789]	[]
5	249.5404918	0.0134066	250.0299287	250.0501738	[0.175]	[-0.26666666666666666]	[0.6320911000002525]	[]
10	250.2199443	0.0372263	250.6759808	250.7194291	[0.175]	[-0.26666666666666666]	[0.5619239000006928]	[]
10	250.819604	0.0299307			[0.175]	[-0.26666666666666666]	[0.4221073000007891]	[]
10	251.2811312	0.0323275	251.7422992	251.7887483				
